index,QQ,efficiency
2020-04-10,237,0.25830152671755724
2020-04-11,245,0.2765903307888041
2020-04-12,253,0.2433206106870229
2020-04-13,137,0.10811068702290076
2020-04-14,183,0.1535941475826972
2020-04-15,117,0.1297709923664122
2020-04-16,221,0.2348918575063613
2020-04-17,253,0.27010178117048345
2020-04-18,243,0.2868002544529262
2020-04-19,270,0.26898854961832064
2020-04-20,263,0.3077290076335878
2020-04-21,248,0.31774809160305345
2020-04-22,235,0.2815521628498728
2020-04-23,281,0.3044529262086514
2020-04-24,232,0.17795801526717558
2020-04-25,148,0.19427480916030535
2020-04-26,166,0.23524173027989823
2020-04-27,264,0.2903307888040712
2020-04-28,238,0.2513358778625954
2020-04-29,134,0.13959923664122137
2020-04-30,247,0.18444656488549618
2020-05-01,179,0.1688613231552163
2020-05-02,202,0.22458651399491092
2020-05-03,179,0.1833651399491094
2020-05-04,221,0.22296437659033078
2020-05-05,138,0.18008905852417303
2020-05-06,147,0.15486641221374045
2020-05-07,242,0.234764631043257
2020-05-08,293,0.2698473282442748
2020-05-09,309,0.28549618320610687
2020-05-10,267,0.2677798982188295
2020-05-11,182,0.20283078880407124
2020-05-12,203,0.2686704834605598
2020-05-13,220,0.2293256997455471
2020-05-14,211,0.20607506361323152
2020-05-15,281,0.2385178117048346
2020-05-16,211,0.27210559796437656
2020-05-17,246,0.24840966921119595
2020-05-18,201,0.23998091603053434
2020-05-19,156,0.21777989821882954
2020-05-20,269,0.29767811704834607
2020-05-21,326,0.33606870229007635
2020-05-22,272,0.29297073791348605
2020-05-23,139,0.12579516539440203
2020-05-24,224,0.22646310432569977
2020-05-25,189,0.18377862595419847
2020-05-26,216,0.18381043256997454
2020-05-27,284,0.28072519083969466
2020-05-28,204,0.21195928753180662
2020-05-29,301,0.27830788804071244
2020-05-30,171,0.19309796437659033
2020-05-31,187,0.1923346055979644
2020-06-01,294,0.3450381679389313
2020-06-02,268,0.2655852417302799
2020-06-03,209,0.285941475826972
2020-06-04,261,0.28692748091603054
2020-06-05,137,0.15267175572519084
2020-06-06,252,0.2741412213740458
2020-06-07,181,0.18365139949109416
2020-06-08,140,0.15896946564885497
2020-06-09,101,0.14980916030534353
2020-06-10,127,0.1678117048346056
2020-06-11,242,0.21176844783715015
2020-06-12,276,0.2451972010178117
2020-06-13,266,0.32061068702290074
2020-06-14,182,0.21682569974554708
2020-06-15,228,0.23584605597964375
2020-06-16,238,0.2298027989821883
2020-06-17,238,0.26459923664122137
2020-06-18,194,0.21536259541984734
2020-06-19,189,0.21237277353689565
2020-06-20,141,0.14061704834605598
2020-06-21,154,0.1520356234096692
2020-06-22,123,0.16450381679389314
2020-06-23,206,0.2719783715012723
2020-06-24,117,0.16227735368956744
2020-06-25,257,0.24173027989821885
2020-06-26,264,0.2757951653944021
2020-06-27,245,0.28848600508905853
2020-06-28,283,0.3230916030534351
2020-06-29,146,0.1895356234096692
2020-06-30,288,0.3213422391857506
2020-07-01,286,0.31603053435114503
2020-07-02,236,0.24844147582697199
2020-07-03,210,0.18470101781170484
2020-07-04,313,0.32903944020356235
2020-07-05,258,0.30117684478371504
2020-07-06,205,0.26234096692111963
2020-07-07,222,0.2305979643765903
2020-07-08,138,0.1869592875318066
2020-07-09,205,0.21606234096692115
2020-07-10,210,0.23158396946564885
2020-07-11,110,0.16055979643765905
2020-07-12,240,0.26453562340966924
2020-07-13,167,0.20477099236641222
2020-07-14,285,0.34990458015267173
2020-07-15,291,0.33298346055979644
2020-07-16,159,0.2010178117048346
2020-07-17,216,0.23282442748091603
2020-07-18,294,0.3116730279898219
2020-07-19,270,0.2802480916030534
2020-07-20,235,0.2753498727735369
2020-07-21,259,0.2732506361323155
2020-07-22,295,0.34452926208651397
2020-07-23,144,0.20696564885496183
2020-07-24,293,0.3052162849872773
2020-07-25,287,0.32118320610687023
2020-07-26,260,0.29099872773536894
2020-07-27,226,0.2679389312977099
2020-07-28,232,0.2835241730279898
2020-07-29,243,0.29319338422391855
2020-07-30,286,0.3513994910941476
2020-07-31,227,0.3133905852417303
2020-08-01,232,0.31154580152671757
2020-08-02,265,0.26568066157760817
2020-08-03,92,0.17216921119592873
2020-08-04,68,0.14268447837150128
2020-08-05,254,0.25165394402035624
2020-08-06,279,0.3271628498727735
2020-08-07,275,0.3841603053435115
2020-08-08,272,0.3655852417302799
2020-08-09,238,0.3440203562340967
2020-08-10,252,0.32783078880407124
2020-08-11,252,0.35521628498727736
2020-08-12,291,0.3925254452926209
2020-08-13,272,0.37923027989821884
2020-08-14,251,0.3279262086513995
2020-08-15,245,0.3262404580152672
2020-08-16,263,0.3912849872773537
2020-08-17,193,0.3079198473282443
2020-08-18,175,0.21606234096692115
2020-08-19,187,0.18788167938931297
2020-08-20,237,0.3282760814249364
2020-08-21,265,0.37744910941475823
2020-08-22,158,0.297264631043257
2020-08-23,147,0.201940203562341
2020-08-24,211,0.3347010178117048
2020-08-25,192,0.3043256997455471
2020-08-26,144,0.25349872773536897
2020-08-27,89,0.20626590330788802
2020-08-28,161,0.27162849872773537
2020-08-29,100,0.18851781170483461
2020-08-30,90,0.23330152671755724
2020-08-31,107,0.21634860050890586
2020-09-01,66,0.12770356234096691
2020-09-02,85,0.1501908396946565
2020-09-03,168,0.2588422391857506
2020-09-04,134,0.215235368956743
2020-09-05,139,0.20384860050890588
2020-09-06,164,0.18330152671755726
2020-09-07,150,0.1811704834605598
2020-09-08,165,0.23107506361323155
2020-09-09,179,0.3088104325699746
2020-09-10,192,0.22255089058524175
2020-09-11,178,0.32725826972010175
2020-09-12,199,0.3900763358778626
2020-09-13,188,0.22541348600508906
2020-09-14,193,0.3780216284987277
2020-09-15,190,0.2970737913486005
2020-09-16,183,0.3233460559796438
2020-09-17,143,0.2529580152671756
2020-09-18,183,0.3590012722646311
2020-09-19,174,0.22560432569974556
2020-09-20,160,0.25165394402035624
2020-09-21,179,0.3806297709923664
2020-09-22,172,0.35747455470737916
2020-09-23,167,0.3428117048346056
2020-09-24,132,0.26653944020356235
2020-09-25,113,0.23253816793893128
2020-09-26,69,0.1646946564885496
2020-09-27,47,0.14799618320610686
2020-09-28,132,0.2540076335877863
2020-09-29,70,0.17436386768447837
2020-09-30,73,0.1537849872773537
2020-10-01,36,0.10438931297709923
2020-10-02,59,0.1291030534351145
2020-10-03,130,0.22111959287531807
2020-10-04,106,0.19551526717557252
2020-10-05,102,0.21599872773536893
2020-10-06,114,0.2464058524173028
2020-10-07,104,0.18991730279898217
2020-10-08,78,0.15966921119592875
2020-10-09,77,0.1621819338422392
2020-10-10,45,0.14281170483460562
2020-10-11,76,0.1768765903307888
2020-10-12,38,0.11339058524173028
2020-10-13,29,0.10861959287531806
2020-10-14,30,0.1191793893129771
2020-10-15,32,0.12662213740458014
2020-10-16,43,0.13422391857506363
2020-10-17,32,0.11895674300254454
2020-10-18,38,0.15165394402035623
2020-10-19,74,0.19882315521628496
2020-10-20,83,0.22538167938931297
2020-10-21,39,0.13769083969465648
2020-10-22,96,0.243352417302799
2020-10-23,35,0.15419847328244274
2020-10-24,68,0.20044529262086513
2020-10-25,93,0.22430534351145037
2020-10-26,64,0.17455470737913487
2020-10-27,41,0.1104643765903308
2020-10-28,73,0.16701653944020356
2020-10-29,52,0.13998091603053436
2020-10-30,41,0.1480916030534351
2020-10-31,40,0.11933842239185752
2020-11-01,49,0.11816157760814248
2020-11-02,24,0.08295165394402036
2020-11-03,32,0.11937022900763358
2020-11-04,38,0.10454834605597965
2020-11-05,59,0.20957379134860052
2020-11-06,18,0.0881679389312977
2020-11-07,20,0.0881679389312977
2020-11-08,47,0.20938295165394402
2020-11-09,16,0.08088422391857505
2020-11-10,17,0.08613231552162849
2020-11-11,18,0.07137404580152672
2020-11-12,20,0.07573155216284987
2020-11-13,31,0.11323155216284989
2020-11-14,26,0.10766539440203561
2020-11-15,49,0.16240458015267176
2020-11-16,34,0.1253498727735369
2020-11-17,29,0.13686386768447836
2020-11-18,22,0.12299618320610688
2020-11-19,48,0.16555343511450382
2020-11-20,50,0.2176526717557252
2020-11-21,25,0.1453562340966921
2020-11-22,22,0.13447837150127226
2020-11-23,25,0.12954834605597965
2020-11-24,43,0.1878180661577608
2020-11-25,60,0.21307251908396946
2020-11-26,33,0.20219465648854962
2020-11-27,13,0.1020674300254453
2020-11-28,18,0.13142493638676844
2020-11-29,15,0.1003180661577608
2020-11-30,23,0.12086513994910943
2020-12-01,36,0.15267175572519084
2020-12-02,26,0.12624045801526718
2020-12-03,24,0.11059160305343511
2020-12-04,22,0.13094783715012723
2020-12-05,29,0.12662213740458014
2020-12-06,33,0.13069338422391857
2020-12-07,33,0.12859414758269722
2020-12-08,21,0.10877862595419847
2020-12-09,17,0.0785941475826972
2020-12-10,15,0.06739821882951655
2020-12-11,16,0.08027989821882953
2020-12-12,14,0.06714376590330788
2020-12-13,12,0.06927480916030535
2020-12-14,21,0.07983460559796438
2020-12-15,26,0.09122137404580152
2020-12-16,14,0.09662849872773537
2020-12-17,23,0.10318066157760813
2020-12-18,24,0.10642493638676843
2020-12-19,17,0.11752544529262088
2020-12-20,29,0.10343511450381679
2020-12-21,23,0.09134860050890585
2020-12-22,15,0.0852735368956743
2020-12-23,23,0.09860050890585241
2020-12-24,19,0.09357506361323155
2020-12-25,10,0.08883587786259542
2020-12-26,20,0.12334605597964378
2020-12-27,46,0.16603053435114504
2020-12-28,21,0.11450381679389313
2020-12-29,29,0.07923027989821883
2020-12-30,24,0.07201017811704834
2020-12-31,29,0.07926208651399491
2021-01-01,23,0.015296573567520875
2021-01-02,18,0.02181111431039447
2021-01-03,28,0.01975957385545638
2021-01-04,7,0.024666474709665036
2021-01-05,0,0.01443276706017852
2021-01-06,6,0.02076734811402246
2021-01-07,18,0.016016412323639505
2021-01-08,22,0.023322775698243592
2021-01-09,36,0.017024186582205586
2021-01-10,21,0.02764180823495537
2021-01-11,27,0.037287647566945005
2021-01-12,12,0.03487618773394759
2021-01-13,9,0.022123044438045875
2021-01-14,35,0.01984355504367022
2021-01-15,14,0.02376667626451675
2021-01-16,9,0.021679143871772725
2021-01-17,31,0.03931519339667914
2021-01-18,9,0.03666378731164219
2021-01-19,28,0.019135713600153564
2021-01-20,16,0.021319224493713408
2021-01-21,0,0.03347250215951627
2021-01-22,30,0.03058114982243977
2021-01-23,38,0.024546501583645262
2021-01-24,21,0.022722910068144735
2021-01-25,7,0.022782896631154622
2021-01-26,53,0.02688597754103081
2021-01-27,29,0.023646703138496976
2021-01-28,26,0.038559362702754583
2021-01-29,14,0.04053891928208081
2021-01-30,15,0.022782896631154622
2021-01-31,57,0.06135425664651118
2021-02-01,80,0.0571431999232172
2021-02-02,42,0.03912323639504751
2021-02-03,25,0.03747960456857664
2021-02-04,34,0.030749112198867456
2021-02-05,36,0.057995009117957574
2021-02-06,42,0.06383770035512046
2021-02-07,26,0.03186486227085133
2021-02-08,29,0.030017276130146847
2021-02-09,46,0.03386841347538151
2021-02-10,17,0.03619589212016508
2021-02-11,76,0.04277041942604856
2021-02-12,47,0.06678903925520684
2021-02-13,24,0.04304635761589404
2021-02-14,58,0.06966839427968136
2021-02-15,91,0.05923073231596123
2021-02-16,30,0.04767732028025722
2021-02-17,47,0.02975333525290335
2021-02-18,55,0.06532536711776563
2021-02-19,66,0.04260245704962089
2021-02-20,90,0.07589499952010749
2021-02-21,59,0.10315289375179959
2021-02-22,77,0.13855696324023417
2021-02-23,69,0.054635761589403975
2021-02-24,94,0.07024426528457625
2021-02-25,89,0.11729772530953067
2021-02-26,51,0.07913427392264133
2021-02-27,19,0.07997408580477973
2021-02-28,70,0.07254774930415588
2021-03-01,75,0.04620165083021403
2021-03-02,150,0.1212208465303772
2021-03-03,102,0.12273250791822632
2021-03-04,106,0.05434782608695652
2021-03-05,44,0.09886985315289375
2021-03-06,125,0.14414771091275555
2021-03-07,119,0.07029225453498417
2021-03-08,91,0.10339284000383914
2021-03-09,95,0.13794510029753335
2021-03-10,142,0.15198195604184664
2021-03-11,156,0.06886457433534889
2021-03-12,84,0.08868413475381515
2021-03-13,75,0.10622420577790576
2021-03-14,46,0.0911195892120165
2021-03-15,56,0.09563057875035992
2021-03-16,93,0.09990162203666378
2021-03-17,36,0.0784624244169306
2021-03-18,67,0.12017708033400518
2021-03-19,95,0.12068096746328823
2021-03-20,132,0.14849073807467128
2021-03-21,102,0.08778433630866686
2021-03-22,164,0.1824071408004607
2021-03-23,166,0.11087916306747288
2021-03-24,41,0.09057971014492754
2021-03-25,51,0.15909636241481906
2021-03-26,159,0.1748248392360111
2021-03-27,106,0.1542974373740282
2021-03-28,114,0.15243055120870316
2021-03-29,132,0.09933774834437085
2021-03-30,91,0.12875515884441885
2021-03-31,197,0.22565745273058835
2021-04-01,188,0.15781264996640754
2021-04-02,218,0.2013628947115846
2021-04-03,177,0.14455561954122279
2021-04-04,147,0.1987354832517516
2021-04-05,100,0.1453714367981572
2021-04-06,122,0.15210192916786638
2021-04-07,133,0.16556291390728478
2021-04-08,139,0.13156252999328152
2021-04-09,125,0.24269363662539592
2021-04-10,102,0.17075775026394086
2021-04-11,90,0.22371388808906806
2021-04-12,129,0.1161819752375468
2021-04-13,176,0.11540214991841828
2021-04-14,131,0.09876187733947596
2021-04-15,108,0.06502543430271619
2021-04-16,65,0.051132546309626645
2021-04-17,82,0.10262501199731261
2021-04-18,115,0.15163403397638928
2021-04-19,101,0.20163883290143006
2021-04-20,193,0.2088252231500144
2021-04-21,224,0.22869277281888856
2021-04-22,105,0.19646799116997793
2021-04-23,116,0.20171081677704192
2021-04-24,111,0.22892072175832612
2021-04-25,124,0.20926912371628753
2021-04-26,182,0.24190181399366542
2021-04-27,245,0.284636241481908
2021-04-28,231,0.3053915922833285
2021-04-29,191,0.19608407716671467
2021-04-30,237,0.20328246472790096
2021-05-01,117,0.1268475861407045
2021-05-02,154,0.06530137249256167
2021-05-03,89,0.1637153277665803
2021-05-04,168,0.22257414339188022
2021-05-05,187,0.19813561762165274
2021-05-06,186,0.2624292158556483
2021-05-07,231,0.15201794797965257
2021-05-08,153,0.2498440349361743
2021-05-09,304,0.3348809866589884
2021-05-10,302,0.3442268931759286
2021-05-11,416,0.36261877339475956
2021-05-12,245,0.32162395623380363
2021-05-13,186,0.23580717919186103
2021-05-14,100,0.17171753527209904
2021-05-15,177,0.25596266436318266
2021-05-16,327,0.19252087532392745
2021-05-17,116,0.23347970054707745
2021-05-18,122,0.16430319608407717
2021-05-19,121,0.20917314521547176
2021-05-20,270,0.2958777233899606
2021-05-21,253,0.29692148958633263
2021-05-22,238,0.17500479892504078
2021-05-23,224,0.24643679815721278
2021-05-24,226,0.30347202226701214
2021-05-25,241,0.1367093770995297
2021-05-26,164,0.29173865054227854
2021-05-27,259,0.2565145407428736
2021-05-28,203,0.2131322583741242
2021-05-29,239,0.2234259525866206
2021-05-30,262,0.23809866589883866
2021-05-31,309,0.3173649102601017
2021-06-01,113,0.2573303579998081
2021-06-02,281,0.32558306939245607
2021-06-03,273,0.36326662827526635
2021-06-04,213,0.2895911315865246
2021-06-05,147,0.30128851137345236
2021-06-06,291,0.36156300988578555
2021-06-07,462,0.37844322871676744
2021-06-08,320,0.3670097898070832
2021-06-09,292,0.35795181879259047
2021-06-10,278,0.32734667434494674
2021-06-11,316,0.30699923217199343
2021-06-12,238,0.21090075823015644
2021-06-13,155,0.23357567904789328
2021-06-14,140,0.3626907572703714
2021-06-15,220,0.3102864958249352
2021-06-16,273,0.36673385161723776
2021-06-17,236,0.37266052404261446
2021-06-18,272,0.36693780593147135
2021-06-19,130,0.3587796333621269
2021-06-20,253,0.34919378059314715
2021-06-21,311,0.31659708225357525
2021-06-22,98,0.23559122756502546
2021-06-23,102,0.2047221422401382
2021-06-24,231,0.2260413667338516
2021-06-25,135,0.17183750839811882
2021-06-26,211,0.2473245992897591
2021-06-27,192,0.3327934542662444
2021-06-28,192,0.3379403013724926
2021-06-29,241,0.3191045205873884
2021-06-30,196,0.2525554275842211
2021-07-01,47,0.24577694596410404
2021-07-02,52,0.15565313369805164
2021-07-03,146,0.1948123620309051
2021-07-04,71,0.2586380650734236
2021-07-05,175,0.2529873308378923
2021-07-06,297,0.3511853344850754
2021-07-07,247,0.26241721854304634
2021-07-08,145,0.224781648910644
2021-07-09,131,0.23621508782032824
2021-07-10,220,0.27230300412707553
2021-07-11,255,0.3221518379882906
2021-07-12,202,0.27388664939053653
2021-07-13,263,0.3263149054611767
2021-07-14,226,0.2763101065361359
2021-07-15,210,0.2542710432863039
2021-07-16,235,0.2621292830405989
2021-07-17,201,0.2566825031193013
2021-07-18,175,0.2710672809290719
2021-07-19,211,0.27087532392744024
2021-07-20,144,0.251571647950859
2021-07-21,137,0.2686678184086765
2021-07-22,190,0.24024618485459256
2021-07-23,170,0.26143343890968423
2021-07-24,264,0.29188261829350226
2021-07-25,174,0.23745081101833188
2021-07-26,199,0.25002399462520397
2021-07-27,186,0.27785775986179095
2021-07-28,168,0.2813969670793742
2021-07-29,193,0.2957577502639409
2021-07-30,238,0.3406756886457434
2021-07-31,279,0.2530353200883002
2021-08-01,254,0.1611359055571552
2021-08-02,151,0.2164315193396679
2021-08-03,175,0.26764804683750837
2021-08-04,240,0.19640800460696803
2021-08-05,140,0.1499904021499184
2021-08-06,143,0.11530617141760245
2021-08-07,107,0.3063033880410788
2021-08-08,265,0.22255014876667625
2021-08-09,191,0.296225645455418
2021-08-10,265,0.25905797101449274
2021-08-11,239,0.28743161531816874
2021-08-12,242,0.32459928975909397
2021-08-13,279,0.3205202034744217
2021-08-14,285,0.3054635761589404
2021-08-15,270,0.29845714559938574
2021-08-16,264,0.26972358191765045
2021-08-17,238,0.16873020443420675
2021-08-18,118,0.23561522219022937
2021-08-19,184,0.1920169881946444
2021-08-20,152,0.17465687685958348
2021-08-21,131,0.2514636721374412
2021-08-22,214,0.2466407524714464
2021-08-23,209,0.11153901526058163
2021-08-24,92,0.14397974853632786
2021-08-25,160,0.25165562913907286
2021-08-26,211,0.15424944812362032
2021-08-27,135,0.1623476341299549
2021-08-28,114,0.19451242921585563
2021-08-29,169,0.13341011613398598
2021-08-30,111,0.0910715999616086
2021-08-31,73,0.09630242825607063
2021-09-01,85,0.17932383146175257
2021-09-02,167,0.2358671657548709
2021-09-03,223,0.2998368365486131
2021-09-04,192,0.26440877243497457
2021-09-05,181,0.2934902581821672
2021-09-06,161,0.2905749112198867
2021-09-07,116,0.26773202802572227
2021-09-08,167,0.28653181687302043
2021-09-09,142,0.29239850273538726
2021-09-10,156,0.2826686822151838
2021-09-11,140,0.24460120932911028
2021-09-12,176,0.2110447259813802
2021-09-13,175,0.18694212496400806
2021-09-14,186,0.188537767540071
2021-09-15,150,0.21491985795181878
2021-09-16,166,0.10405269219694788
2021-09-17,93,0.08183366925808619
2021-09-18,76,0.07139600729436607
2021-09-19,72,0.0789903061714176
2021-09-20,74,0.09902581821671946
2021-09-21,115,0.14366781840867646
2021-09-22,148,0.11511421441597083
2021-09-23,117,0.12779537383626066
2021-09-24,112,0.15463336212688356
2021-09-25,163,0.10243305499568096
2021-09-26,86,0.17271331221806316
2021-09-27,117,0.20700163163451385
2021-09-28,129,0.15019435646415202
2021-09-29,118,0.1882378347250216
2021-09-30,138,0.11808954794126116
2021-10-01,121,0.18691813033880408
2021-10-02,154,0.1799956809674633
2021-10-03,149,0.2018907764660716
2021-10-04,96,0.1801876379690949
2021-10-05,86,0.18034360303292063
2021-10-06,90,0.08587676360495249
2021-10-07,95,0.12341635473653902
2021-10-08,96,0.19965927632210384
2021-10-09,115,0.21007294366062004
2021-10-10,95,0.19135713600153567
2021-10-11,62,0.15032632690277378
2021-10-12,92,0.10348881850465497
2021-10-13,127,0.1053603992705634
2021-10-14,101,0.1096674344946732
2021-10-15,92,0.10767588060274498
2021-10-16,90,0.10398070832133602
2021-10-17,108,0.10166522698915442
2021-10-18,86,0.0747912467607256
2021-10-19,104,0.1193252711392648
2021-10-20,120,0.10954746136865341
2021-10-21,94,0.07771859103560803
2021-10-22,89,0.11774162587580382
2021-10-23,76,0.0918034360303292
2021-10-24,94,0.14523946635953547
2021-10-25,107,0.1693780593147135
2021-10-26,80,0.11572607735867166
2021-10-27,112,0.10713600153565601
2021-10-28,93,0.11105912275650254
2021-10-29,99,0.147578942316921
2021-10-30,78,0.14158028601593242
2021-10-31,106,0.1258162971494385
2021-11-01,72,0.12923505134849794
2021-11-02,40,0.036855744313273826
2021-11-03,81,0.10146127267492082
2021-11-04,76,0.03863134657836644
2021-11-05,76,0.05828294462040503
2021-11-06,76,0.07654285440061426
2021-11-07,92,0.059002783376523656
2021-11-08,82,0.04954890104616566
2021-11-09,69,0.06398166810634418
2021-11-10,60,0.11096314425568672
2021-11-11,50,0.0925472694116518
2021-11-12,56,0.052572223821863905
2021-11-13,73,0.06152221902293886
2021-11-14,83,0.03536807755062866
2021-11-15,65,0.025794222094250887
2021-11-16,50,0.05540358959593051
2021-11-17,64,0.03657980612342835
2021-11-18,83,0.04333429311834149
2021-11-19,60,0.017240138209041175
2021-11-20,43,0.04939293598233995
2021-11-21,64,0.04232651885977541
2021-11-22,43,0.04245848929839716
2021-11-23,45,0.044689989442364915
2021-11-24,47,0.03344850753431231
2021-11-25,60,0.0606104232651886
2021-11-26,47,0.030497168634225934
2021-11-27,58,0.043070352241097995
2021-11-28,50,0.028073711488626547
2021-11-29,73,0.015572511757366351
2021-11-30,51,0.0380794701986755
2021-12-01,25,0.04087484403493618
2021-12-02,34,0.04467799212976293
2021-12-03,41,0.06443756598521931
2021-12-04,18,0.03974709665035032
2021-12-05,13,0.02197907668682215
2021-12-06,12,0.015596506382570303
2021-12-07,16,0.028277665802860157
2021-12-08,23,0.044725981380170844
2021-12-09,15,0.027521835108935598
2021-12-10,16,0.03900326326902774
2021-12-11,19,0.04160668010365678
2021-12-12,21,0.038475381514540746
2021-12-13,14,0.03456425760629619
2021-12-14,10,0.028937517995968904
2021-12-15,12,0.02172713312218063
2021-12-16,16,0.020239466359535465
2021-12-17,14,0.030029273442748826
2021-12-18,14,0.017096170457817448
2021-12-19,12,0.017072175832613494
2021-12-20,14,0.031001055763508974
2021-12-21,24,0.049368941357136
2021-12-22,31,0.05743113542566465
2021-12-23,13,0.04191861023130819
2021-12-24,12,0.019447643727804973
2021-12-25,40,0.06797677320280257
2021-12-26,42,0.09113158652461849
2021-12-27,37,0.07893031960840771
2021-12-28,20,0.054191861023130825
2021-12-29,17,0.029501391688261828
2021-12-30,12,0.028337652365870047
2021-12-31,11,0.017780017276130145
2022-01-01,0,0.008922318927571029
2022-01-02,27,0.020158063225290117
2022-01-03,17,0.014399509803921568
2022-01-04,11,0.013905562224889957
2022-01-05,15,0.0116984293717487
2022-01-06,22,0.01915766306522609
2022-01-07,45,0.0426983293317327
2022-01-08,23,0.02392206882753101
2022-01-09,19,0.04068502400960384
2022-01-10,0,0.02808623449379752
2022-01-11,46,0.035407913165266106
2022-01-12,39,0.02379701880752301
2022-01-13,5,0.013536664665866345
2022-01-14,23,0.01766331532613045
2022-01-15,72,0.0468249799919968
2022-01-16,49,0.0352766106442577
2022-01-17,17,0.023790766306522607
2022-01-18,23,0.040203581432573035
2022-01-19,48,0.036364545818327335
2022-01-20,33,0.033000700280112046
2022-01-21,22,0.03406987795118047
2022-01-22,45,0.03558923569427771
2022-01-23,31,0.03254426770708283
2022-01-24,30,0.03913440376150461
2022-01-25,19,0.0194515306122449
2022-01-26,15,0.016700430172068827
2022-01-27,34,0.01675045018007203
2022-01-28,0,0.019939225690276112
2022-01-29,33,0.034638855542216886
2022-01-30,34,0.020576980792316926
2022-01-31,23,0.0391156462585034
2022-02-01,72,0.0352328431372549
2022-02-02,75,0.024503551420568224
2022-02-03,79,0.0507390456182473
2022-02-04,73,0.023121748699479795
2022-02-05,46,0.03880302120848339
2022-02-06,80,0.027173369347739097
2022-02-07,72,0.031106192476990795
2022-02-08,80,0.033150760304121646
2022-02-09,77,0.031118697478991597
2022-02-10,83,0.04481167466986795
2022-02-11,81,0.02975565226090436
2022-02-12,86,0.09780787314925969
2022-02-13,130,0.10255977390956383
2022-02-14,102,0.1021596138455382
2022-02-15,88,0.07359818927571028
2022-02-16,102,0.06801470588235294
2022-02-17,97,0.04327355942376951
2022-02-18,100,0.08609693877551021
2022-02-19,86,0.06394432773109243
2022-02-20,100,0.04603716486594638
2022-02-21,90,0.05020133053221289
2022-02-22,100,0.06582007803121248
2022-02-23,109,0.05978641456582633
2022-02-24,99,0.1253313825530212
2022-02-25,34,0.08183898559423769
2022-02-26,113,0.07534263705482193
2022-02-27,93,0.09931472589035614
2022-02-28,105,0.13726115446178472
2022-03-01,119,0.1528986594637855
2022-03-02,108,0.14311974789915966
2022-03-03,120,0.10713660464185674
2022-03-04,117,0.05398409363745498
2022-03-05,99,0.08378976590636254
2022-03-06,86,0.06665166066426571
2022-03-07,94,0.11858493397358943
2022-03-08,131,0.11875375150060025
2022-03-09,138,0.12091711684673868
2022-03-10,99,0.1797844137655062
2022-03-11,146,0.19323979591836735
2022-03-12,146,0.18060974389755902
2022-03-13,154,0.18274809923969587
2022-03-14,131,0.19426520608243297
2022-03-15,101,0.14261329531812725
2022-03-16,161,0.11030037014805921
2022-03-17,153,0.1606392557022809
2022-03-18,169,0.19271458583433373
2022-03-19,170,0.19807297919167666
2022-03-20,170,0.21330407162865145
2022-03-21,185,0.21592386954781914
2022-03-22,180,0.21771208483393356
2022-03-23,149,0.21585509203681472
2022-03-24,160,0.21769957983193278
2022-03-25,163,0.20925870348139256
2022-03-26,122,0.14173794517807123
2022-03-27,191,0.2332976668928441
2022-03-28,192,0.22500875350140054
2022-03-29,125,0.11956032412965185
2022-03-30,141,0.15315501200480192
2022-03-31,191,0.11894132653061225
2022-04-01,166,0.10798069227691078
2022-04-02,102,0.13844912965186074
2022-04-03,165,0.16898009203681472
2022-04-04,164,0.18444252701080432
2022-04-05,186,0.12717587034813926
2022-04-06,134,0.0937249899959984
2022-04-07,102,0.16617897158863545
2022-04-08,207,0.16281512605042017
2022-04-09,192,0.13904311724689877
2022-04-10,177,0.14724014605842337
2022-04-11,195,0.1680234593837535
2022-04-12,205,0.2714148159263705
2022-04-13,208,0.25191326530612246
2022-04-14,263,0.22922293917567027
2022-04-15,274,0.07855642256902762
2022-04-16,129,0.19225190076030413
2022-04-17,220,0.2457608043217287
2022-04-18,257,0.25075655262104846
2022-04-19,226,0.16535989395758302
2022-04-20,140,0.07607417967186875
2022-04-21,56,0.13015831332533012
2022-04-22,143,0.16245248099239695
2022-04-23,186,0.22458983593437376
2022-04-24,226,0.19028236294517809
2022-04-25,178,0.09597589035614246
2022-04-26,138,0.16148334333733494
2022-04-27,159,0.20029261704681872
2022-04-28,222,0.24448529411764705
2022-04-29,253,0.2697453981592637
2022-04-30,271,0.2420843337334934
2022-05-01,260,0.2465298619447779
2022-05-02,316,0.27081457583033214
2022-05-03,233,0.23778886554621848
2022-05-04,201,0.25969137655062025
2022-05-05,213,0.2259778911564626
2022-05-06,202,0.19926720688275312
2022-05-07,199,0.22335184073629452
2022-05-08,241,0.22553396358543415
2022-05-09,260,0.30634753901560624
2022-05-10,284,0.32047819127651056
2022-05-11,265,0.23980842336934774
2022-05-12,255,0.24354116646658663
2022-05-13,222,0.22952931172468988
2022-05-14,174,0.21376050420168066
2022-05-15,311,0.313312825130052
2022-05-16,340,0.31533863545418167
2022-05-17,80,0.24813050220088037
2022-05-18,328,0.37728841536614643
2022-05-19,280,0.34735769307723086
2022-05-20,172,0.27045193077230895
2022-05-21,169,0.16867371948779514
2022-05-22,266,0.17665816326530612
2022-05-23,252,0.303890306122449
2022-05-24,207,0.17920293117246897
2022-05-25,167,0.12298044217687075
2022-05-26,208,0.23938325330132051
2022-05-27,204,0.1675857843137255
2022-05-28,341,0.21266006402561025
2022-05-29,189,0.2144920468187275
2022-05-30,162,0.19328356342537015
2022-05-31,233,0.2902911164465786
2022-06-01,258,0.2309798919567827
2022-06-02,247,0.25120048019207686
2022-06-03,333,0.3345213085234094
2022-06-04,162,0.19764155662264904
2022-06-05,342,0.33776635654261705
2022-06-06,277,0.24546068427370948
2022-06-07,258,0.23215536214485794
2022-06-08,230,0.19787915166066428
2022-06-09,210,0.210234093637455
2022-06-10,207,0.23260554221688676
2022-06-11,230,0.3215973889555822
2022-06-12,321,0.29926970788315327
2022-06-13,228,0.17862144857943177
2022-06-14,208,0.2544455282112845
2022-06-15,375,0.31988420368147263
2022-06-16,244,0.2927796118447379
2022-06-17,285,0.3044342737094838
2022-06-18,312,0.3155949879951981
2022-06-19,254,0.34594462785114044
2022-06-20,209,0.17071828731492597
2022-06-21,303,0.23947078831532612
2022-06-22,395,0.3479266706682673
2022-06-23,367,0.3506902761104442
2022-06-24,352,0.35749299719887956
2022-06-25,133,0.3363220288115246
2022-06-26,270,0.3400547719087635
2022-06-27,428,0.3415428671468587
2022-06-28,245,0.21269132653061223
2022-06-29,180,0.26070428171268506
2022-06-30,159,0.26834483793517405
2022-07-01,232,0.2853891556622649
2022-07-02,194,0.17677696078431374
2022-07-03,289,0.30869847939175665
2022-07-04,310,0.2927295918367347
2022-07-05,249,0.18483643457382953
2022-07-06,201,0.22776610644257703
2022-07-07,232,0.23907062825130054
2022-07-08,297,0.2070078031212485
2022-07-09,178,0.26052921168467386
2022-07-10,203,0.22173869547819128
2022-07-11,237,0.24793042216886754
2022-07-12,182,0.24389130652260904
2022-07-13,226,0.2761854741896759
2022-07-14,262,0.3169517807122849
2022-07-15,298,0.2775110044017607
2022-07-16,231,0.23261179471788715
2022-07-17,224,0.3165453681472589
2022-07-18,234,0.3117121848739496
2022-07-19,265,0.33019457783113243
2022-07-20,252,0.35776185474189676
2022-07-21,245,0.3551733193277311
2022-07-22,308,0.30902360944377755
2022-07-23,206,0.24776160464185673
2022-07-24,330,0.29820678271308526
2022-07-25,313,0.3636704681872749
2022-07-26,131,0.1790653761504602
2022-07-27,183,0.2692264405762305
2022-07-28,325,0.3209096138455382
2022-07-29,186,0.30218337334933976
2022-07-30,113,0.15965761304521808
2022-07-31,294,0.15301745698279312
2022-08-01,96,0.2419717887154862
2022-08-02,190,0.2922481492597039
2022-08-03,255,0.3317264405762305
2022-08-04,263,0.3481517607042817
2022-08-05,278,0.33531537615046014
2022-08-06,193,0.186061924769908
2022-08-07,249,0.30626000400160064
2022-08-08,213,0.26821353541416565
2022-08-09,220,0.25986644657863145
2022-08-10,205,0.3154949479791917
2022-08-11,229,0.2972626550620248
2022-08-12,244,0.28254426770708285
2022-08-13,9,0.18538040216086435
2022-08-14,134,0.23746373549419766
2022-08-15,144,0.2729091636654662
2022-08-16,209,0.2626175470188075
2022-08-17,167,0.29156662665066024
2022-08-18,199,0.3002013305322129
2022-08-19,169,0.267125600240096
2022-08-20,140,0.18480517206882754
2022-08-21,79,0.13039590836334533
2022-08-22,78,0.13394732893157263
2022-08-23,79,0.17653311324529813
2022-08-24,58,0.20998399359743897
2022-08-25,152,0.2625675270108043
2022-08-26,171,0.3114870948379352
2022-08-27,148,0.290609993997599
2022-08-28,162,0.20298744497799118
2022-08-29,163,0.22615296118447378
2022-08-30,161,0.21226615646258504
2022-08-31,161,0.24040241096438578
2022-09-01,162,0.2600977891156463
2022-09-02,167,0.2883215786314526
2022-09-03,161,0.29081632653061223
2022-09-04,160,0.265187324929972
2022-09-05,164,0.3056660164065626
2022-09-06,194,0.29893207282913165
2022-09-07,181,0.3239233193277311
2022-09-08,164,0.25866596638655465
2022-09-09,176,0.16971788715486194
2022-09-10,195,0.09962735094037614
2022-09-11,59,0.1130139555822329
2022-09-12,98,0.1761954781912765
2022-09-13,55,0.18471138455382155
2022-09-14,71,0.16150210084033614
2022-09-15,81,0.14286964785914366
2022-09-16,144,0.21272258903561422
2022-09-17,100,0.15442426970788314
2022-09-18,113,0.1251062925170068
2022-09-19,86,0.12059198679471789
2022-09-20,90,0.15871348539415767
2022-09-21,109,0.15098539415766307
2022-09-22,138,0.17250025010004003
2022-09-23,149,0.22579656862745096
2022-09-24,138,0.19111394557823128
2022-09-25,156,0.17503876550620248
2022-09-26,142,0.15158563425370147
2022-09-27,100,0.11221363545418167
2022-09-28,112,0.1640406162464986
2022-09-29,115,0.1365171068427371
2022-09-30,111,0.1330032012805122
2022-10-01,51,0.13218412364945978
2022-10-02,117,0.13996848739495799
2022-10-03,52,0.10264105642256903
2022-10-04,77,0.15840086034413764
2022-10-05,115,0.15816951780712285
2022-10-06,146,0.19191426570628253
2022-10-07,131,0.2724964985994398
2022-10-08,68,0.171812474989996
2022-10-09,112,0.1921331032412965
2022-10-10,94,0.25165691276510604
2022-10-11,124,0.17798369347739096
2022-10-12,113,0.1994797919167667
2022-10-13,103,0.22564650860344138
2022-10-14,80,0.15965761304521808
2022-10-15,81,0.1056234993997599
2022-10-16,92,0.12930797318927573
2022-10-17,112,0.20283738495398157
2022-10-18,65,0.12234268707482993
2022-10-19,79,0.11083808523409364
2022-10-20,117,0.21141581632653061
2022-10-21,107,0.1094312725090036
2022-10-22,56,0.040603741496598636
2022-10-23,102,0.1176533113245298
2022-10-24,60,0.10027761104441776
2022-10-25,76,0.09234318727490996
2022-10-26,65,0.13880552220888356
2022-10-27,112,0.17300670268107243
2022-10-28,66,0.14375125050020007
2022-10-29,56,0.12667567026810725
2022-10-30,66,0.11646458583433374
2022-10-31,74,0.12560024009603843
2022-11-01,68,0.07710584233693478
2022-11-02,80,0.12945178071228491
2022-11-03,98,0.17822128851540617
2022-11-04,67,0.07693702480992398
2022-11-05,70,0.03985344137655062
2022-11-06,79,0.13624199679871948
2022-11-07,86,0.07389205682272909
2022-11-08,65,0.15526835734293717
2022-11-09,34,0.09171168467386955
2022-11-10,54,0.061562124849939975
2022-11-11,61,0.05763555422168867
2022-11-12,60,0.062562525010004
2022-11-13,54,0.04614345738295318
2022-11-14,50,0.06917767106842737
2022-11-15,65,0.06899634853941577
2022-11-16,54,0.018244797919167666
2022-11-17,50,0.04137905162064826
2022-11-18,55,0.040647509003601444
2022-11-19,71,0.06428821528611445
2022-11-20,64,0.06239995998399359
2022-11-21,22,0.036283263305322125
2022-11-22,43,0.03787765106042417
2022-11-23,55,0.02539765906362545
2022-11-24,47,0.018094737895158062
2022-11-25,48,0.023990846338535415
2022-11-26,53,0.018782513005202083
2022-11-27,63,0.02928046218487395
2022-11-28,82,0.05205207082833133
2022-11-29,60,0.03363220288115246
2022-11-30,44,0.020802070828331333
2022-12-01,9,0.014355742296918769
2022-12-02,13,0.013161514605842336
2022-12-03,11,0.02114595838335334
2022-12-04,13,0.02885529211684674
2022-12-05,13,0.021571128451380553
2022-12-06,13,0.010016506602641057
2022-12-07,11,0.020589485794317727
2022-12-08,25,0.04072253901560624
2022-12-09,21,0.0351515606242497
2022-12-10,12,0.01056047418967587
2022-12-11,13,0.011904761904761904
2022-12-12,13,0.02305922368947579
2022-12-13,20,0.028348839535814324
2022-12-14,33,0.0390218587434974
2022-12-15,20,0.02466611644657863
2022-12-16,12,0.01831982793117247
2022-12-17,9,0.016237745098039214
2022-12-18,20,0.03309448779511805
2022-12-19,35,0.04658738495398159
2022-12-20,14,0.02574779911964786
2022-12-21,13,0.019764155662264908
2022-12-22,15,0.03149384753901561
2022-12-23,12,0.022859143657462985
2022-12-24,17,0.027379701880752304
2022-12-25,16,0.040972639055622255
2022-12-26,19,0.029480542216886757
2022-12-27,23,0.042567026810724294
2022-12-28,23,0.04390506202480992
2022-12-29,24,0.049782412965186075
2022-12-30,37,0.08150760304121649
2022-12-31,20,0.04193552420968387
2023-01-01,18,0.04209873579772763
2023-01-02,9,0.03531765082413186
2023-01-03,25,0.04230676908305329
2023-01-04,7,0.03529764762361978
2023-01-05,24,0.018847015522483596
2023-01-06,35,0.01830292846855497
2023-01-07,34,0.03130500880140823
2023-01-08,25,0.03260521683469355
2023-01-09,21,0.013078092494799168
2023-01-10,13,0.012938070091214594
2023-01-11,40,0.03362538006080973
2023-01-12,29,0.04725556088974236
2023-01-13,35,0.023263722195551288
2023-01-14,47,0.04827172347575612
2023-01-15,18,0.013302128340534484
2023-01-16,38,0.06095375260041607
2023-01-17,23,0.04031845095215235
2023-01-18,11,0.014730356857097135
2023-01-19,48,0.024751960313650186
2023-01-20,26,0.021695471275404065
2023-01-21,9,0.0090334453512562
2023-01-22,0,0.012686029764762363
2023-01-23,16,0.014474315890542487
2023-01-24,13,0.017886861897903665
2023-01-25,16,0.014354296687469995
2023-01-26,12,0.014130260841734677
2023-01-27,7,0.022711633861417824
2023-01-28,21,0.015354456713074092
2023-01-29,16,0.026492238758201316
2023-01-30,15,0.02178748599775964
2023-01-31,36,0.039806369019043046
2023-02-01,8,0.02958073291726676
2023-02-02,26,0.03144903184509522
2023-02-03,17,0.02545207233157305
2023-02-04,40,0.04701952312369979
2023-02-05,38,0.05297247559609538
2023-02-06,50,0.07081533045287246
2023-02-07,55,0.04222675628100496
2023-02-08,57,0.09152664426308209
2023-02-09,94,0.12874859977596417
2023-02-10,69,0.05712514002240359
2023-02-11,11,0.027772443590974555
2023-02-12,38,0.07027924467914867
2023-02-13,17,0.034773563770203235
2023-02-14,28,0.0516602656425028
2023-02-15,102,0.09047847655624901
2023-02-16,53,0.11183389342294767
2023-02-17,19,0.02396783485357657
2023-02-18,0,0.05315250440070412
2023-02-19,62,0.06957513202112338
2023-02-20,29,0.03827012321971515
2023-02-21,28,0.06212594015042407
2023-02-22,64,0.06780284845575292
2023-02-23,83,0.11301008161305809
2023-02-24,11,0.039258281325012
2023-02-25,34,0.053292526804288684
2023-02-26,70,0.046531445031204995
2023-02-27,63,0.07835653704592735
2023-02-28,137,0.18940230436869898
2023-03-01,219,0.17155144823171706
2023-03-02,151,0.12822051528244519
2023-03-03,40,0.05995759321491439
2023-03-04,47,0.05887341974715954
2023-03-05,64,0.07234357497199552
2023-03-06,48,0.0844495119219075
2023-03-07,58,0.08306929108657385
2023-03-08,62,0.1085213634181469
2023-03-09,29,0.051296207393182906
2023-03-10,98,0.08028884621539446
2023-03-11,43,0.03947031525044007
2023-03-12,160,0.15352056329012642
2023-03-13,44,0.07473995839334294
2023-03-14,89,0.08766202592414786
2023-03-15,108,0.1097415586493839
2023-03-16,148,0.17647623619779165
2023-03-17,149,0.20133621379420705
2023-03-18,152,0.19281485037606017
2023-03-19,131,0.18701792286765884
2023-03-20,97,0.10811329812770043
2023-03-21,7,0.08077692430788926
2023-03-22,112,0.1337614018242919
2023-03-23,75,0.11204592734837573
2023-03-24,86,0.0934309489518323
2023-03-25,83,0.12784445511281806
2023-03-26,83,0.12877747396105116
2023-03-27,42,0.09119859177468395
2023-03-28,151,0.14092654824771964
2023-03-29,137,0.23682989278284527
2023-03-30,85,0.10788126100176028
2023-03-31,0,0.12064330292846856
2023-04-01,121,0.07292766842694831
2023-04-02,127,0.0663586173787806
2023-04-03,87,0.16708273323731798
2023-04-04,197,0.1409465514482317
2023-04-05,136,0.16761081773083694
2023-04-06,156,0.14824771963514163
2023-04-07,81,0.06603856617058729
2023-04-08,135,0.1797807649223876
2023-04-09,165,0.1269523123699792
2023-04-10,231,0.19837974075852136
2023-04-11,67,0.16242998879820772
2023-04-12,376,0.1695351256200992
2023-04-13,108,0.17405984957593215
2023-04-14,43,0.14459513522163545
2023-04-15,89,0.09596335413666186
2023-04-16,141,0.14721955512882062
2023-04-17,80,0.09983197311569851
2023-04-18,42,0.16149383901424227
2023-04-19,138,0.09047047527604417
2023-04-20,190,0.21073371739478314
2023-04-21,223,0.28551368218915024
2023-04-22,297,0.2806409025444071
2023-04-23,189,0.22684429508721396
2023-04-24,173,0.17308369339094257
2023-04-25,152,0.1093975036005761
2023-04-26,206,0.17141542646823493
2023-04-27,196,0.18706593054888782
2023-04-28,263,0.25696911505840936
2023-04-29,95,0.16589054248679788
2023-04-30,240,0.25371259401504237
2023-05-01,310,0.29830372859657545
2023-05-02,122,0.18414146263402142
2023-05-03,227,0.2171667466794687
2023-05-04,235,0.28014482317170747
2023-05-05,306,0.2646023363738198
2023-05-06,119,0.11429428708593375
2023-05-07,200,0.16945911345815332
2023-05-08,364,0.2797087534005441
2023-05-09,291,0.31842694831172985
2023-05-10,405,0.2916186589854377
2023-05-11,337,0.29859177468394943
2023-05-12,388,0.2867818851016163
2023-05-13,224,0.24417106737077932
2023-05-14,222,0.24450312049927989
2023-05-15,111,0.08743398943831013
2023-05-16,97,0.16729876780284847
2023-05-17,213,0.13063290126420227
2023-05-18,215,0.2072931669067051
2023-05-19,249,0.12967274763962236
2023-05-20,247,0.23292126740278443
2023-05-21,297,0.30658905424867977
2023-05-22,356,0.30084413506160984
2023-05-23,184,0.23829412706032968
2023-05-24,276,0.1723595775324052
2023-05-25,205,0.21441830692910865
2023-05-26,314,0.2798967834853577
2023-05-27,332,0.3214074251880301
2023-05-28,319,0.32220355256841093
2023-05-29,338,0.2988598175708113
2023-05-30,444,0.30328452552408386
2023-05-31,328,0.3217634821571451
2023-06-01,313,0.30560489678348535
2023-06-02,229,0.2404104656745079
2023-06-03,288,0.3279044647143543
2023-06-04,332,0.3191310609697552
2023-06-05,291,0.30999359897583617
2023-06-06,208,0.24769163066090577
2023-06-07,237,0.24972395583293328
2023-06-08,276,0.2608897423587774
2023-06-09,180,0.23456953112497997
2023-06-10,291,0.25594495119219074
2023-06-11,319,0.2853976636261802
2023-06-12,306,0.2908905424867979
2023-06-13,207,0.1810569691150584
2023-06-14,241,0.17813250120019203
2023-06-15,259,0.21200592094735157
2023-06-16,161,0.22887261961913907
2023-06-17,58,0.20590894543126897
2023-06-18,204,0.22317970875340054
2023-06-19,244,0.2809489518322932
2023-06-20,256,0.27701632261161785
2023-06-21,261,0.2183349335893743
2023-06-22,214,0.2934549527924468
2023-06-23,194,0.14893582973275724
2023-06-24,288,0.21337413986237797
2023-06-25,235,0.2924107857257161
2023-06-26,295,0.3065930548887822
2023-06-27,240,0.20811329812770044
2023-06-28,276,0.19366698671787486
2023-06-29,247,0.28466554648743797
2023-06-30,223,0.20369659145463273
2023-07-01,157,0.22387982077132343
2023-07-02,184,0.15826532245159225
2023-07-03,250,0.26831893102896465
2023-07-04,300,0.28626180188830214
2023-07-05,185,0.2728756601056169
2023-07-06,239,0.26663466154584736
2023-07-07,296,0.3286845895343255
2023-07-08,356,0.3385461673867819
2023-07-09,287,0.3404064650344055
2023-07-10,190,0.2633541366618659
2023-07-11,332,0.2842974875980157
2023-07-12,224,0.21434229476716274
2023-07-13,139,0.20174427908465353
2023-07-14,324,0.30330052808449354
2023-07-15,291,0.3257561209793567
2023-07-16,295,0.2600856136981917
2023-07-17,301,0.22906064970395262
2023-07-18,309,0.2990958553368539
2023-07-19,223,0.24532725236037767
2023-07-20,212,0.21681469035045609
2023-07-21,211,0.2422347575612098
2023-07-22,297,0.2413306128980637
2023-07-23,256,0.230024803968635
2023-07-24,255,0.2336613858217315
2023-07-25,93,0.21198991838694192
2023-07-26,184,0.16690670507281163
2023-07-27,256,0.2668586973915827
2023-07-28,180,0.1491918706993119
2023-07-29,171,0.2503600576092175
2023-07-30,177,0.23981036965914546
2023-07-31,160,0.20969755160825732
2023-08-01,102,0.1266882701232197
2023-08-02,218,0.2378900624099856
2023-08-03,149,0.16267402784445512
2023-08-04,205,0.20507681228996638
2023-08-05,73,0.09874779964794367
2023-08-06,131,0.12014322291566651
2023-08-07,140,0.1545207233157305
2023-08-08,187,0.21832693230916947
2023-08-09,166,0.20104016642662828
2023-08-10,206,0.2290366458633381
2023-08-11,234,0.27210753720595293
2023-08-12,256,0.2953512562009922
2023-08-13,233,0.27051928308529366
2023-08-14,219,0.27183949431909105
2023-08-15,255,0.2963154104656745
2023-08-16,224,0.2617578812610018
2023-08-17,205,0.21308609377500398
2023-08-18,203,0.22237157945271244
2023-08-19,236,0.2550328052488398
2023-08-20,226,0.25460473675788126
2023-08-21,190,0.22804048647783645
2023-08-22,197,0.23211313810209636
2023-08-23,229,0.269543126900304
2023-08-24,198,0.26433829412706034
2023-08-25,160,0.21297807649223874
2023-08-26,167,0.1939670347255561
2023-08-27,125,0.15894543126900304
2023-08-28,84,0.1366978716594655
2023-08-29,98,0.113182109137462
2023-08-30,68,0.09065850536085775
2023-08-31,130,0.16863498159705553
2023-09-01,199,0.23048887822051528
2023-09-02,170,0.2321251400224036
2023-09-03,164,0.2042526804288686
2023-09-04,178,0.2260481677068331
2023-09-05,206,0.275336053768603
2023-09-06,209,0.2966634661545847
2023-09-07,201,0.27950872139542327
2023-09-08,200,0.2834053448551768
2023-09-09,190,0.25918947031525047
2023-09-10,192,0.27881661065770524
2023-09-11,191,0.2709713554168667
2023-09-12,188,0.2579772763642183
2023-09-13,161,0.2078092494799168
2023-09-14,99,0.13887421987518003
2023-09-15,180,0.26932309169467117
2023-09-16,187,0.2854976796287406
2023-09-17,168,0.24434709553528564
2023-09-18,161,0.2451592254760762
2023-09-19,106,0.1250240038406145
2023-09-20,177,0.2563010081613058
2023-09-21,168,0.26542646823491756
2023-09-22,130,0.17320371259401504
2023-09-23,77,0.11392622819651145
2023-09-24,137,0.1813690190430469
2023-09-25,132,0.1959753560569691
2023-09-26,115,0.18812209953592576
2023-09-27,154,0.24817970875340054
2023-09-28,162,0.2613498159705553
2023-09-29,143,0.2284005440870539
2023-09-30,89,0.13104096655464875
2023-10-01,86,0.14549127860457675
2023-10-02,92,0.13965434469515123
2023-10-03,129,0.19797967674827974
2023-10-04,82,0.12077532405184829
2023-10-05,84,0.1253200512081933
2023-10-06,75,0.12996079372699632
2023-10-07,44,0.08599775964154265
2023-10-08,131,0.1987037926068171
2023-10-09,65,0.09274283885421668
2023-10-10,79,0.15228436549847976
2023-10-11,96,0.14916786685869737
2023-10-12,39,0.09587133941430628
2023-10-13,71,0.11891102576412226
2023-10-14,75,0.12483997439590333
2023-10-15,75,0.12788846215394462
2023-10-16,49,0.09883981437029926
2023-10-17,83,0.16348615778524564
2023-10-18,94,0.18493358937429988
2023-10-19,43,0.05760121619459113
2023-10-20,25,0.02738038086093775
2023-10-21,61,0.08042486797887662
2023-10-22,41,0.03648583773403745
2023-10-23,62,0.129592734837574
2023-10-24,69,0.11844295087213953
2023-10-25,34,0.02514802368378941
2023-10-26,25,0.03975836133781405
2023-10-27,27,0.034801568250920144
2023-10-28,35,0.048539766362618024
2023-10-29,50,0.08005760921747479
2023-10-30,74,0.13496559449511922
2023-10-31,30,0.035789726356216994
2023-11-01,43,0.09312690030404865
2023-11-02,81,0.1451952312369979
2023-11-03,23,0.026648263722195552
2023-11-04,63,0.10640102416386622
2023-11-05,38,0.05367658825412065
2023-11-06,42,0.0635261641862698
2023-11-07,58,0.11469035045607297
2023-11-08,37,0.06224995999359898
2023-11-09,64,0.11369019043046887
2023-11-10,34,0.062297967674827974
2023-11-11,33,0.05902544407105137
2023-11-12,22,0.04699151864298288
2023-11-13,42,0.07603216514642343
2023-11-14,30,0.04499119859177468
2023-11-15,22,0.027540406465034403
2023-11-16,33,0.05988158105296847
2023-11-17,13,0.022615618498959832
2023-11-18,21,0.028692590814530322
2023-11-19,19,0.01988718194911186
2023-11-20,17,0.01777884461513842
2023-11-21,17,0.02487598015682509
2023-11-22,45,0.06393823011681869
2023-11-23,11,0.01746279404704753
2023-11-24,28,0.055212834053448547
2023-11-25,17,0.021683469355096817
2023-11-26,34,0.03732197151544247
2023-11-27,33,0.04165466474635941
2023-11-28,10,0.023219715154424708
2023-11-29,32,0.028436549847975678
2023-11-30,33,0.025784125460073613
2023-12-01,18,0.025080012802048326
2023-12-02,15,0.014746359417506802
2023-12-03,20,0.017698831813090097
2023-12-04,31,0.019211073771803488
2023-12-05,37,0.02657225156024964
2023-12-06,12,0.014838374139862377
2023-12-07,12,0.013014082253160504
2023-12-08,18,0.01598655784925588
2023-12-09,15,0.01218995039206273
2023-12-10,15,0.013050088014082252
2023-12-11,19,0.022911665866538648
2023-12-12,14,0.016514642342774843
2023-12-13,15,0.01781485037606017
2023-12-14,14,0.013226116178588574
2023-12-15,16,0.02774843975036006
2023-12-16,10,0.019051048167706832
2023-12-17,15,0.016914706353016482
2023-12-18,19,0.038366138582173144
2023-12-19,16,0.035665706513042086
2023-12-20,15,0.020723315730516882
2023-12-21,13,0.017094735157625218
2023-12-22,24,0.04027844455112818
2023-12-23,17,0.028980636901904302
2023-12-24,14,0.01856697071531445
2023-12-25,20,0.038730196831493036
2023-12-26,15,0.02364778364538326
2023-12-27,33,0.06858297327572412
2023-12-28,25,0.05670507281164987
2023-12-29,25,0.04696351416226596
2023-12-30,19,0.03554168666986718
2023-12-31,34,0.05501680268843015
2024-01-01,19,0.013029220930775336
2024-01-02,16,0.023607804695887597
2024-01-03,15,0.019599262474910145
2024-01-04,14,0.013192596741819539
2024-01-05,17,0.022248284553984036
2024-01-06,17,0.01187392055267703
2024-01-07,20,0.018029687718806888
2024-01-08,47,0.04107734677682864
2024-01-09,42,0.05224816785697615
2024-01-10,40,0.0469559585492228
2024-01-11,10,0.01724490034075526
2024-01-12,17,0.023499859963590535
2024-01-13,12,0.015144354198758344
2024-01-14,14,0.020547425664005973
2024-01-15,20,0.024162115483359007
2024-01-16,36,0.04011751388694394
2024-01-17,49,0.041792115950147035
2024-01-18,13,0.016261728049292816
2024-01-19,41,0.030151589413247443
2024-01-20,30,0.03853918685524903
2024-01-21,39,0.055667390188115576
2024-01-22,23,0.03210626429538347
2024-01-23,31,0.03627526490220791
2024-01-24,24,0.022362064136675536
2024-01-25,19,0.01848772347477011
2024-01-26,20,0.036494071791999254
2024-01-27,22,0.028617023759510803
2024-01-28,23,0.03750058348503944
2024-01-29,64,0.09999474863464501
2024-01-30,70,0.10031274798114177
2024-01-31,18,0.027178733137282363
2024-02-01,36,0.04304660878495075
2024-02-02,42,0.04516174205293376
2024-02-03,28,0.030314965224291647
2024-02-04,23,0.03417180133501377
2024-02-05,23,0.03031204779909443
2024-02-06,22,0.021761074546048642
2024-02-07,22,0.026175138869439386
2024-02-08,33,0.050238061896092985
2024-02-09,22,0.02439842692433366
2024-02-10,41,0.048954394809317084
2024-02-11,23,0.01974221630957382
2024-02-12,26,0.026075946412733978
2024-02-13,40,0.043002847406992485
2024-02-14,75,0.09443121878355039
2024-02-15,37,0.04642498716332913
2024-02-16,85,0.13095446482752182
2024-02-17,24,0.03377503150819213
2024-02-18,76,0.09529185921672968
2024-02-19,32,0.03686750221724315
2024-02-20,33,0.038968048359240066
2024-02-21,35,0.04349005741492788
2024-02-22,40,0.051900994258507215
2024-02-23,34,0.0451675769033282
2024-02-24,77,0.09182304065723755
2024-02-25,95,0.13224688418988936
2024-02-26,98,0.12354128740139103
2024-02-27,63,0.08147785090790273
2024-02-28,40,0.03144400877561499
2024-02-29,33,0.07230546608784952
2024-03-01,74,0.08677881249124772
2024-03-02,48,0.06869661111889092
2024-03-03,109,0.13499218130047144
2024-03-04,75,0.10235202819399711
2024-03-05,48,0.032931895626196146
2024-03-06,76,0.08032255052980442
2024-03-07,155,0.15683202632684498
2024-03-08,153,0.20804450823880874
2024-03-09,130,0.1872695234094198
2024-03-10,112,0.052971689305886194
2024-03-11,60,0.047705736824907814
2024-03-12,52,0.04129323624142277
2024-03-13,68,0.05449458525883396
2024-03-14,88,0.10272837604443823
2024-03-15,128,0.14403328198664989
2024-03-16,105,0.11383209634504972
2024-03-17,78,0.09512556598048826
2024-03-18,55,0.07057543294589927
2024-03-19,127,0.14692736778229004
2024-03-20,136,0.16148240209121037
2024-03-21,105,0.12355003967698269
2024-03-22,50,0.0636873920552677
2024-03-23,72,0.07239882369416048
2024-03-24,121,0.12418312094477897
2024-03-25,106,0.11266220884096532
2024-03-26,172,0.20637282360080286
2024-03-27,185,0.21754072725575316
2024-03-28,116,0.10708992671427904
2024-03-29,183,0.2158398683657751
2024-03-30,195,0.19382497782756852
2024-03-31,153,0.15041432511583447
2024-04-01,155,0.13816050506465014
2024-04-02,92,0.07062211174905475
2024-04-03,95,0.11979239602296597
2024-04-04,114,0.12273607804695888
2024-04-05,133,0.15352366615319984
2024-04-06,177,0.1870594687952201
2024-04-07,200,0.18514563786584512
2024-04-08,182,0.20011202912757317
2024-04-09,234,0.2364047985809644
2024-04-10,110,0.12530341222051067
2024-04-11,211,0.2235943845399804
2024-04-12,133,0.1703951360687112
2024-04-13,182,0.2042139289548616
2024-04-14,168,0.14920004201092285
2024-04-15,118,0.1406899127106381
2024-04-16,130,0.13087861177239415
2024-04-17,119,0.12455655137002287
2024-04-18,146,0.16314533445362459
2024-04-19,149,0.16963660551743454
2024-04-20,95,0.10941803202165896
2024-04-21,89,0.12623115343322597
2024-04-22,91,0.10783678756476683
2024-04-23,177,0.18683482705503432
2024-04-24,111,0.13465959482798862
2024-04-25,178,0.18557158194463896
2024-04-26,224,0.22724116603650282
2024-04-27,221,0.23029571021799003
2024-04-28,249,0.1834068524483032
2024-04-29,257,0.24126231153433228
2024-04-30,256,0.25540598889044486
2024-05-01,255,0.21364888204266444
2024-05-02,268,0.2175319749801615
2024-05-03,296,0.25252940764598797
2024-05-04,278,0.23454056387994213
2024-05-05,245,0.19043492974840123
2024-05-06,143,0.19839658311160902
2024-05-07,168,0.19667238482005323
2024-05-08,241,0.28469985529571024
2024-05-09,253,0.2966817205806843
2024-05-10,237,0.17929328292022592
2024-05-11,172,0.20114188022219112
2024-05-12,284,0.2858989170517668
2024-05-13,300,0.29949703589599963
2024-05-14,268,0.28545255099659245
2024-05-15,251,0.2779518508145451
2024-05-16,246,0.26021974046585444
2024-05-17,286,0.24946611118890913
2024-05-18,175,0.24197416328245344
2024-05-19,212,0.21317917658591234
2024-05-20,247,0.22967138122578537
2024-05-21,253,0.28467359846893525
2024-05-22,143,0.22949341828875508
2024-05-23,209,0.15473731503524252
2024-05-24,231,0.23772930962050132
2024-05-25,252,0.24818244410213322
2024-05-26,298,0.2514295383466368
2024-05-27,254,0.2877689866031835
2024-05-28,157,0.2552601176305839
2024-05-29,214,0.2429281613219437
2024-05-30,209,0.2399319656444009
2024-05-31,249,0.24528252345609858
2024-06-01,208,0.22129545348457264
2024-06-02,196,0.2028310694113803
2024-06-03,165,0.16075888064230034
2024-06-04,147,0.16432689165849787
2024-06-05,235,0.2435116463613873
2024-06-06,251,0.24974910143303924
2024-06-07,234,0.2145066050506465
2024-06-08,309,0.28317404191756523
2024-06-09,269,0.2324079260607758
2024-06-10,201,0.19784810717453202
2024-06-11,267,0.20054089063156422
2024-06-12,237,0.21770118564160015
2024-06-13,194,0.18416032612923805
2024-06-14,221,0.24365751762124818
2024-06-15,261,0.23522688815758763
2024-06-16,206,0.20409650259067358
2024-06-17,249,0.2679108026420203
2024-06-18,264,0.2780145754562853
2024-06-19,168,0.20109009592494048
2024-06-20,262,0.29563144750968584
2024-06-21,298,0.29746869602763387
2024-06-22,200,0.17681201278999206
2024-06-23,219,0.17711250758530553
2024-06-24,150,0.21334328175325584
2024-06-25,225,0.24051982682164028
2024-06-26,314,0.29503702212575267
2024-06-27,280,0.27180848270550345
2024-06-28,240,0.24653045208420854
2024-06-29,301,0.2998697369649442
2024-06-30,287,0.21833062012789992
